client_id,client_name,email,phone_number,address,type_id,status_id,registration_date
101,Andrew Carter,andrew.carter@example.com,(555) 123-8902,9831 Oakwood St,1,1,2021-08-25
102,Bella Moore,ella.moore@example.com,(555) 234-2345,9932 Birchwood St,2,1,2019-12-17
103,Christopher Scott,christopher.scott@example.com,(555) 345-3456,10033 Cedarwood St,3,2,2020-05-06
104,Diana Roberts,diana.roberts@example.com,(555) 456-4567,10134 Maplewood St,1,1,2021-06-30
105,Ethan Johnson,ethan.johnson@example.com,(555) 567-5678,10235 Pinewood St,2,1,2020-09-18
106,Fiona Lee,fiona.lee@example.com,(555) 678-6789,10336 Birchwood St,3,2,2018-04-22
107,George Brown,george.brown@example.com,(555) 789-7890,10437 Oakwood St,1,1,2021-03-11
108,Holly Adams,holly.adams@example.com,(555) 890-8901,10538 Cedarwood St,2,1,2020-06-12
109,Isaac Walker,isaac.walker@example.com,(555) 901-9012,10639 Maplewood St,3,2,2019-07-03
110,Jackie Taylor,jackie.taylor@example.com,(555) 012-0123,10740 Pinewood St,1,1,2021-07-05
111,Katherine Clark,katherine.clark@example.com,(555) 123-1234,10841 Birchwood St,2,1,2020-11-10
112,Liam Roberts,liam.roberts@example.com,(555) 234-2345,10942 Oakwood St,3,2,2019-01-17
113,Monica Wilson,monica.wilson@example.com,(555) 345-3456,11043 Cedarwood St,1,1,2020-05-27
114,Noah Harris,noah.harris@example.com,(555) 456-4567,11144 Maplewood St,2,1,2018-09-14
115,Olivia Green,olivia.green@example.com,(555) 567-5678,11245 Pinewood St,3,2,2020-10-29
116,Peter Thomas,peter.thomas@example.com,(555) 678-6789,11346 Birchwood St,1,1,2021-02-15
117,Quinn Young,quinn.young@example.com,(555) 789-7890,11447 Oakwood St,2,1,2019-03-21
118,Rachel Davis,rachel.davis@example.com,(555) 890-8901,11548 Cedarwood St,3,2,2020-04-04
119,Samantha Martin,samantha.martin@example.com,(555) 901-9012,11649 Maplewood St,1,1,2021-05-13
120,Thomas Harris,thomas.harris@example.com,(555) 012-0123,11750 Pinewood St,2,1,2018-08-10
121,Uma Green,uma.green@example.com,(555) 123-1234,11851 Birchwood St,3,2,2020-02-07
122,Victor Edwards,victor.edwards@example.com,(555) 234-2345,11952 Oakwood St,1,1,2021-04-18
123,Willow Allen,willow.allen@example.com,(555) 345-3456,12053 Cedarwood St,2,1,2019-11-27
124,Xander Taylor,xander.taylor@example.com,(555) 456-4567,12154 Maplewood St,3,2,2020-01-12
125,Yara Lewis,yara.lewis@example.com,(555) 567-5678,12255 Pinewood St,1,1,2018-10-15
126,Zoe Martinez,zoe.martinez@example.com,(555) 678-6789,12356 Birchwood St,2,1,2021-06-22
127,Alex Scott,alex.scott@example.com,(555) 789-7890,12457 Oakwood St,3,2,2020-12-02
128,Beth Wilson,beth.wilson@example.com,(555) 890-8901,12558 Cedarwood St,1,1,2019-05-24
129,Caleb Thomas,caleb.thomas@example.com,(555) 901-9012,12659 Maplewood St,2,1,2021-08-03
130,Dylan Green,dylan.green@example.com,(555) 012-0123,12760 Pinewood St,3,2,2019-01-08
131,Eliza Brown,eliza.brown@example.com,(555) 123-1234,12861 Birchwood St,1,1,2020-09-08
132,Frank White,frank.white@example.com,(555) 234-2345,12962 Oakwood St,2,1,2021-05-28
133,Gloria Harris,gloria.harris@example.com,(555) 345-3456,13063 Cedarwood St,3,2,2018-07-19
134,Henry Smith,henry.smith@example.com,(555) 456-4567,13164 Maplewood St,1,1,2020-11-18
135,Irina Johnson,irina.johnson@example.com,(555) 567-5678,13265 Pinewood St,2,1,2021-04-11
136,James Walker,james.walker@example.com,(555) 678-6789,13366 Birchwood St,3,2,2019-12-07
137,Kaitlyn Scott,kaitlyn.scott@example.com,(555) 789-7890,13467 Oakwood St,1,1,2020-03-01
138,Luke Allen,luke.allen@example.com,(555) 890-8901,13568 Cedarwood St,2,1,2021-07-09
139,Monica Perez,monica.perez@example.com,(555) 901-9012,13669 Maplewood St,3,2,2018-09-04
140,Nina Lewis,nina.lewis@example.com,(555) 012-0123,13770 Pinewood St,1,1,2020-07-23
141,Oscar Harris,oscar.harris@example.com,(555) 123-1234,13871 Birchwood St,2,1,2021-01-27
142,Patricia Green,patricia.green@example.com,(555) 234-2345,13972 Oakwood St,3,2,2019-05-11
143,Quincy White,quincy.white@example.com,(555) 345-3456,14073 Cedarwood St,1,1,2021-08-17
144,Rachel Perez,rachel.perez@example.com,(555) 456-4567,14174 Maplewood St,2,1,2018-11-02
145,Stephen Moore,stephen.moore@example.com,(555) 567-5678,14275 Pinewood St,3,2,2020-06-13
146,Tracy Walker,tracy.walker@example.com,(555) 678-6789,14376 Birchwood St,1,1,2021-03-17
147,Uma Thomas,uma.thomas@example.com,(555) 789-7890,14477 Oakwood St,2,1,2020-12-16
148,Victor Davis,victor.davis@example.com,(555) 890-8901,14578 Cedarwood St,3,2,2019-02-28
149,Willow Green,willow.green@example.com,(555) 901-9012,14679 Maplewood St,1,1,2020-10-20
150,Xander White,xander.white@example.com,(555) 012-0123,14780 Pinewood St,2,1,2018-08-29
151,Yasmin Thomas,yasmin.thomas@example.com,(555) 123-1234,14881 Birchwood St,3,2,2021-07-26
152,Zoe Roberts,zoe.roberts@example.com,(555) 234-2345,14982 Oakwood St,1,1,2019-09-06
153,Amos Johnson,amos.johnson@example.com,(555) 345-3456,15083 Cedarwood St,2,1,2020-02-09
154,Belle Harris,belle.harris@example.com,(555) 456-4567,15184 Maplewood St,3,2,2021-01-12
155,Carl Martin,carl.martin@example.com,(555) 567-5678,15285 Pinewood St,1,1,2018-06-17
156,David Taylor,david.taylor@example.com,(555) 678-6789,15386 Birchwood St,2,1,2020-03-04
157,Emily Green,emily.green@example.com,(555) 789-7890,15487 Oakwood St,3,2,2019-04-13
158,Fiona Allen,fiona.allen@example.com,(555) 890-8901,15588 Cedarwood St,1,1,2021-09-14
159,Grace White,grace.white@example.com,(555) 901-9012,15689 Maplewood St,2,1,2020-11-29
160,Henry Adams,henry.adams@example.com,(555) 012-0123,15790 Pinewood St,3,2,2018-07-30
161,Isabel Walker,isabel.walker@example.com,(555) 123-1234,15891 Birchwood St,1,1,2020-08-17
162,Jack White,jack.white@example.com,(555) 234-2345,15992 Oakwood St,2,1,2021-05-03
163,Kate Roberts,kate.roberts@example.com,(555) 345-3456,16093 Cedarwood St,3,2,2019-02-22
164,Liam Green,liam.green@example.com,(555) 456-4567,16194 Maplewood St,1,1,2020-09-06
165,Maya Thomas,maya.thomas@example.com,(555) 567-5678,16295 Pinewood St,2,1,2021-03-25
166,Noah Davis,noah.davis@example.com,(555) 678-6789,16396 Birchwood St,3,2,2020-01-24
167,Olivia White,olivia.white@example.com,(555) 789-7890,16497 Oakwood St,1,1,2019-11-01
168,Paul Walker,paul.walker@example.com,(555) 890-8901,16598 Cedarwood St,2,1,2020-07-18
169,Quincy Taylor,quincy.taylor@example.com,(555) 901-9012,16699 Maplewood St,3,2,2018-11-18
170,Rachel Adams,rachel.adams@example.com,(555) 012-0123,16800 Pinewood St,1,1,2021-01-03
171,Samuel Green,samuel.green@example.com,(555) 123-1234,16901 Birchwood St,2,1,2020-03-18
172,Tommy Roberts,tommy.roberts@example.com,(555) 234-2345,17002 Oakwood St,3,2,2021-06-28
173,Ursula Martin,ursula.martin@example.com,(555) 345-3456,17103 Cedarwood St,1,1,2019-10-05
174,Victoria Walker,victoria.walker@example.com,(555) 456-4567,17204 Maplewood St,2,1,2020-07-02
175,William Allen,william.allen@example.com,(555) 567-5678,17305 Pinewood St,3,2,2020-11-23
176,Zaida Wilson,zaida.wilson@example.com,(555) 678-6789,17406 Birchwood St,1,1,2019-06-19
177,Anna Thomas,anna.thomas@example.com,(555) 789-7890,17507 Oakwood St,2,1,2021-03-14
178,Blake White,blake.white@example.com,(555) 890-8901,17608 Cedarwood St,3,2,2018-12-11
179,Chloe Green,chloe.green@example.com,(555) 901-9012,17709 Maplewood St,1,1,2020-05-16
180,Daniel Adams,daniel.adams@example.com,(555) 012-0123,17810 Pinewood St,2,1,2021-02-22
181,Emily Walker,emily.walker@example.com,(555) 123-1234,17911 Birchwood St,3,2,2020-08-06
182,Freddy Roberts,freddy.roberts@example.com,(555) 234-2345,18012 Oakwood St,1,1,2019-10-17
183,Gabe Green,gabe.green@example.com,(555) 345-3456,18113 Cedarwood St,2,1,2021-04-13
184,Harriet Brown,harriet.brown@example.com,(555) 456-4567,18214 Maplewood St,3,2,2020-02-06
185,Ida Wilson,ida.wilson@example.com,(555) 567-5678,18315 Pinewood St,1,1,2018-07-09
186,Jack Harris,jack.harris@example.com,(555) 678-6789,18416 Birchwood St,2,1,2020-10-12
187,Kimberly White,kimberly.white@example.com,(555) 789-7890,18517 Oakwood St,3,2,2019-04-27
188,Liam Taylor,liam.taylor@example.com,(555) 890-8901,18618 Cedarwood St,1,1,2021-06-10
189,Mia Thomas,mia.thomas@example.com,(555) 901-9012,18719 Maplewood St,2,1,2020-05-22
190,Nina Harris,nina.harris@example.com,(555) 012-0123,18820 Pinewood St,3,2,2019-03-31
191,Oscar Green,oscar.green@example.com,(555) 123-1234,18921 Birchwood St,1,1,2020-08-26
192,Patricia Brown,patricia.brown@example.com,(555) 234-2345,19022 Oakwood St,2,1,2021-07-06
193,Quincy Harris,quincy.harris@example.com,(555) 345-3456,19123 Cedarwood St,3,2,2020-12-13
194,Rachel Green,rachel.green@example.com,(555) 456-4567,19224 Maplewood St,1,1,2019-11-03
195,Stephen Adams,stephen.adams@example.com,(555) 567-5678,19325 Pinewood St,2,1,2021-03-15
196,Tracy White,tracy.white@example.com,(555) 678-6789,19426 Birchwood St,3,2,2020-06-29
197,Uma Green,uma.green@example.com,(555) 789-7890,19527 Oakwood St,1,1,2021-07-04
198,Victor Taylor,victor.taylor@example.com,(555) 890-8901,19628 Cedarwood St,2,1,2019-02-17
199,Willow Walker,willow.walker@example.com,(555) 901-9012,19729 Maplewood St,3,2,2020-10-23
200,Xander Harris,xander.harris@example.com,(555) 012-0123,19830 Pinewood St,1,1,2021-05-12
